% Model,TEC_discharge_model_006.mph
% Version,COMSOL 5.5.0.359
% Date,"Mar 29 2021, 11:44"
% Table,Simulation Data - 
% Time (s),"Current_Out_Probe (pt. 5) (No parameters) (1/m), Point: 4",SoC cell (No parameters) (m^4),Ah cell (No parameters) (m^4),"Cell voltage (5,t) (No parameters) (1), Point: 4","OCP NE [V] (No parameters) (1), Point: 1","OCP PE [V] (No parameters) (1), Point: 4",Max cell temperature [K] (No parameters) (1)
0,5.09863184490688,0.9999999997623754,2.8333146708118665E-9,4.146508298702837,0.11148736660385618,4.305143604900571,298.00000000000006
17.28,5.0996647757324975,0.9979474969800529,0.02447983919961874,4.122497560218491,0.11169464932699301,4.285011902725252,298.00000000000006
34.56,5.099848158290328,0.9958949941989081,0.048959675551086226,4.110430667226006,0.11214215811402929,4.2761252213598056,298.00000000000006
51.84,5.0999657273180485,0.993842491417291,0.07343951190818568,4.10094016344952,0.11275561066661072,4.269317150868115,298.00000000000006
69.12,5.1000451524711545,0.991789988633116,0.09791934829581664,4.093278068568841,0.11302580251599935,4.26353006346726,298.00000000000006
86.4,5.100094880003226,0.9897374858490975,0.12239918468153568,4.086900001996626,0.11300630469150633,4.2584879056192655,298.00000000000006
103.68,5.100124429551341,0.9876849830645285,0.1468790210738642,4.081337657270435,0.11296536530529283,4.253975790948379,298.00000000000006
120.96000000000001,5.100140534870126,0.9856324802880501,0.17135885736967882,4.076315718494451,0.11292651108881312,4.249850787569509,298.00000000000006
138.24,5.100148048633828,0.9835799776285922,0.1958386922698386,4.0716445312690235,0.11290580053974109,4.246025189297878,298.00000000000006
155.52,5.100149307623173,0.981527474852103,0.22031852856574394,4.067240471730611,0.11300187489175573,4.242444026163478,298.00000000000006
172.8,5.100149252194807,0.9794749720461661,0.24479836521290704,4.063104661942115,0.11331485456702155,4.239069752347139,298.00000000000006
190.08,5.100147318404699,0.9774224680705718,0.26927821581038075,4.059270509568676,0.11371272138057031,4.23587342500559,298.00000000000006
207.36,5.100141725049113,0.9753699653263141,0.2937580517218885,4.055761467488322,0.11408840452552618,4.232834224676445,298.00000000000006
224.64000000000001,5.100133248811428,0.9733174627557551,0.31823788556177846,4.052547735143763,0.11436207657190972,4.229932550792527,298.00000000000006
241.92000000000002,5.100150170853986,0.9712649612399553,0.34271770682168234,4.0495372604145325,0.11452102455381169,4.227228243650579,298.00000000000006
259.20000000000005,5.100155455552758,0.9692124588673888,0.3671975383001138,4.046514525582706,0.1146573192994485,4.2246071488842745,298.00000000000006
276.48,5.100141261008113,0.9671599564760396,0.3916773700025604,4.043286535511483,0.11477556185268752,4.221817784033354,298.00000000000006
293.76,5.100091287215731,0.9651074535365531,0.4161572082425166,4.039728638830241,0.11487618124004081,4.218618651166385,298.00000000000006
311.04,5.100032902802292,0.9630549506516259,0.44063704583180546,4.035878299575066,0.11495949513245587,4.214890098582008,298.00000000000006
328.32000000000005,5.100013358179799,0.96100244763018,0.4651168850493035,4.0320262476139375,0.11502582571358527,4.210969052556944,298.00000000000006
345.6,5.100019756935936,0.9589499456262933,0.48959671213055106,4.028394107265783,0.11508393004623209,4.207198079704835,298.00000000000006
362.88,5.100050560959944,0.9568974427645978,0.514076549442746,4.025055602248933,0.11513921423864187,4.203781984292474,298.00000000000006
380.16,5.100052142040884,0.9548449404799371,0.5385563798727022,4.0219025886725435,0.11518829684321123,4.20062486540775,298.00000000000006
397.44000000000005,5.100053233451803,0.9527924369851566,0.5630362247356265,4.018845999059853,0.11522801494960258,4.19758662232583,298.00000000000006
414.72,5.1000498323408765,0.9507399340567627,0.5875160628433036,4.015844068569756,0.11525529308724135,4.194614913604722,298.00000000000006
432,5.100040004917998,0.9486874311294594,0.6119959009379635,4.012875256955725,0.11526701838419076,4.191666446009044,298.00000000000006
449.28000000000003,5.1000364577401305,0.9466349268900799,0.6364757546815332,4.009944488327622,0.1152665693372836,4.188749187498654,298.00000000000006
466.56000000000006,5.100034120061996,0.9445824236486999,0.6609555965221785,4.00705060028923,0.11526443425903656,4.185887996692136,298.00000000000006
483.84000000000003,5.100033726441414,0.9425299204371128,0.6854354380074319,4.004190578150615,0.1152614418319886,4.183091753273266,298.00000000000006
501.12,5.100034008703769,0.9404774178342794,0.7099152722322191,4.001379025228481,0.1152582477532592,4.180368675744901,298.00000000000006
518.4000000000001,5.1000259204118565,0.9384249140047913,0.7343951210871058,3.998629628381124,0.11525554233861868,4.177701555268854,298.00000000000006
535.6800000000001,5.100023519043891,0.9363724121017707,0.7588749469653402,3.99598479397738,0.11525405589801035,4.175110914041355,298.00000000000006
552.96,5.1000263731824225,0.9343199100737911,0.7833547743339272,3.9934539798584137,0.11526500780616178,4.17263369497379,298.00000000000006
570.24,5.100037806840162,0.9322674043141517,0.8078346462094167,3.991032157516115,0.11531545421522756,4.170292424718868,298.00000000000006
587.52,5.100056142332446,0.9302149049347594,0.8323144419887623,3.9886938933031035,0.11539976872172665,4.168096358664143,298.00000000000006
604.8000000000001,5.100064085138095,0.9281624009542894,0.8567942926443655,3.9864004629424565,0.11551014823670235,4.165992065252864,298.00000000000006
622.08,5.100059424430751,0.9261099008400296,0.8812740971883791,3.984097490448282,0.11563910735064305,4.1639051429118235,298.00000000000006
639.36,5.10003801609544,0.9240573958693716,0.9057539596537487,3.9817392353554255,0.11577958011346305,4.161766469591377,298.00000000000006
656.6400000000001,5.100053733837974,0.9220048924698878,0.9302338033800682,3.979301321147923,0.11596692994948106,4.1595964386187,298.00000000000006
673.9200000000001,5.100052878208766,0.9199523917304357,0.9547136153806117,3.9767579659568786,0.11629362425119215,4.157401234446531,298.00000000000006
691.2,5.100035707134478,0.9178998901410877,0.9791934375177641,3.9740977569221876,0.1166886419233034,4.155096385421323,298.00000000000006
708.48,5.099997098638185,0.9158473909313569,1.0036732312736218,3.9713181440758336,0.11708342818976956,4.152609461975512,298.00000000000006
725.76,5.099956247853336,0.9137948852964286,1.0281531016616683,3.968449937441232,0.11742217446438345,4.149901571946704,298.00000000000006
743.0400000000001,5.0999437946831865,0.9117423838584999,1.0526329219928143,3.965563403092901,0.11765516457787759,4.147073229400439,298.00000000000006
760.32,5.099951364112806,0.9096898823860537,1.0771127427356797,3.962715626099073,0.11773079809309484,4.144244182462836,298.00000000000006
777.6,5.099965579350706,0.9076373804277846,1.1015925692728321,3.9599218389107103,0.11772203053454813,4.141494190771693,298.00000000000006
794.8800000000001,5.099956267438025,0.9055848760236462,1.126072424981476,3.957162679113846,0.11770230574355169,4.138762575021806,298.00000000000006
812.1600000000001,5.099957780368469,0.9035323744733676,1.150552246652628,3.9544559864409865,0.11767625805049989,4.136068187118339,298.00000000000006
829.44,5.0999671729954095,0.9014798709832288,1.1750320914601444,3.9518297495169885,0.11764945555172268,4.133451310785313,298.00000000000006
846.72,5.099980781239916,0.8994273665151464,1.1995119479314171,3.949285215301005,0.11762766715963285,4.1309428008214155,298.00000000000006
864,5.099984184805526,0.8973748631183394,1.2239917916257663,3.9468056798153826,0.11761706118539642,4.128516072906713,298.00000000000006
881.2800000000001,5.09998943643204,0.8953223601129329,1.2484716306519534,3.944379015710938,0.11767180259205394,4.1261621936567545,298.00000000000006
898.5600000000001,5.099995853585114,0.893269857155038,1.2729514691115118,3.942013406577094,0.11785279145750759,4.123886066107895,298.00000000000006
915.84,5.100002534366056,0.891217350715557,1.2974313490953027,3.939723812879846,0.11811226525523758,4.121691082426586,298.00000000000006
933.1200000000001,5.10000556782855,0.8891648455432786,1.3219112139654,3.9375334112769393,0.11840561722970336,4.119573033588178,298.00000000000006
950.4000000000001,5.100008147042387,0.8871123447057394,1.3463910271358537,3.9354368558262807,0.11869530595118462,4.117527486887771,298.00000000000006
967.6800000000001,5.100011701399548,0.8850598411766084,1.3708708724084016,3.9334027729478223,0.11894947369083422,4.115546668621876,298.00000000000006
984.96,5.100026872143293,0.8830073391165629,1.3953507001594545,3.9313880700319475,0.11914747361270327,4.113619893348118,298.00000000000006
1002.24,5.100074956804993,0.8809548357714029,1.4198305432378318,3.929361484626457,0.11934788114085035,4.111795416731848,298.00000000000006
1019.5200000000001,5.100088005064636,0.8789023336793812,1.4443103713702645,3.927252221471766,0.11955315200442741,4.109976517583619,298.00000000000006
1036.8000000000002,5.1000572317109905,0.8768498313648101,1.4687902021569657,3.9249886508422533,0.11974805408995233,4.1080163331766295,298.00000000000006
1054.0800000000002,5.09998063438114,0.8747973360303535,1.4932699496931177,3.922524789865533,0.11991798422120077,4.105766314860248,298.00000000000006
1071.3600000000001,5.0999288090965775,0.8727448380662954,1.5177497285920627,3.9198942776158403,0.12004834716026433,4.1032118954655274,298.00000000000006
1088.64,5.0999144811807255,0.8706923320710936,1.542229603277009,3.9171910427640753,0.12012362402023997,4.10050919978964,298.00000000000006
1105.92,5.099931380603232,0.8686398282079197,1.5667094525336573,3.9144862709534873,0.12013209070816423,4.097788113015173,298.00000000000006
1123.2,5.099928713680604,0.8665873221244149,1.59118932827177,3.911821490535539,0.1201070141373186,4.095123205589567,298.00000000000006
1140.48,5.099913216041472,0.8645348209934189,1.6156691449422187,3.909208833420018,0.12006336182972027,4.092436441189843,298.00000000000006
1157.76,5.0999191395389625,0.8624823174282855,1.6401489906442,3.9067035130685017,0.1200104732765715,4.0898179682518165,298.00000000000006
1175.04,5.09994471965064,0.860429811260951,1.6646288673821674,3.9043339442580365,0.11995851353199198,4.087353284741975,298.00000000000006
1192.3200000000002,5.099984183195464,0.858377305297789,1.6891087416849526,3.9020842724212033,0.11991840212156706,4.085088791169466,298.00000000000006
1209.6000000000001,5.100007498926423,0.8563248042062495,1.7135885578848382,3.899894040530527,0.11990141971489877,4.082967997071374,298.00000000000006
1226.88,5.100016335554065,0.8542723014550423,1.7380683938792356,3.897709432995741,0.11990274672776924,4.080908251582605,298.00000000000006
1244.16,5.100005696158414,0.852219802024692,1.762548190266362,3.8955033378431896,0.11990705636972304,4.07883788671172,298.00000000000006
1261.44,5.099984734179816,0.8501673000881936,1.7870280165438999,3.8932728104573804,0.11991420885124263,4.076706042151041,298.00000000000006
1278.72,5.099977781166414,0.8481147921776475,1.8115079140728083,3.8910458921888758,0.11992409555216113,4.074549104018142,298.00000000000006
1296,5.099978529792482,0.8460622889660818,1.8359877555578459,3.888837692426702,0.11993660399249906,4.07240899021839,298.00000000000006
1313.2800000000002,5.099987134729553,0.8440097968887945,1.86046746424629,3.8866897994660525,0.11995161673310006,4.070323044253989,298.00000000000006
1330.5600000000002,5.099988964208756,0.8419573009124108,1.8849472194385857,3.884612229068168,0.11998594919278392,4.068312518811134,298.00000000000006
1347.8400000000001,5.099982997028434,0.8399048055607665,1.9094269671797368,3.8826008838371,0.1200745068421214,4.066348607188456,298.00000000000006
1365.1200000000001,5.099985284715461,0.8378523004503322,1.9339068313122008,3.880657239437941,0.12020555005953099,4.064448717063972,298.00000000000006
1382.4,5.0999986187215285,0.8357998013213387,1.9583866241051608,3.8787446148891283,0.12036556505645513,4.062626895486068,298.00000000000006
1399.68,5.100047515250421,0.8337472961263964,1.9828664892455339,3.876832009470605,0.12054191382505575,4.060901123749403,298.00000000000006
1416.96,5.100106682840277,0.8316947927425787,2.0073463327849823,3.8748948455364287,0.12072254588224306,4.059311302011098,298.00000000000006
1434.24,5.100117945620282,0.8296422866377107,2.0318262087779004,3.872838298308716,0.12091767135222733,4.057706660827296,298.00000000000006
1451.52,5.1000580830642965,0.8275897739530198,2.056306163247232,3.8705845019556895,0.12119356757131408,4.055888107003555,298.00000000000006
1468.8000000000002,5.099937344061936,0.8255372625830304,2.080786102036309,3.8681067567586007,0.12151039492189163,4.053672941009724,298.00000000000006
1486.0800000000002,5.099878645818367,0.8234847567770195,2.105265974464822,3.8654718864733106,0.12182393361973815,4.051122542025245,298.00000000000006
1503.3600000000001,5.099873860529173,0.8214322509455625,2.1297458471968143,3.8627983319857364,0.12209791746972715,4.048446438372822,298.00000000000006
1520.64,5.09991076338907,0.819379751196155,2.1542256473892865,3.8601665658247746,0.12229936059530731,4.045802336160342,298.00000000000006
1537.92,5.099902784607771,0.8173272460786051,2.1787055116066627,3.8575583869902927,0.12239396527398545,4.043207210558261,298.00000000000006
1555.2,5.099901698528533,0.8152747431058043,2.203185350244001,3.8549471398918627,0.12240053378596479,4.04057805254594,298.00000000000006
1572.48,5.099912340378869,0.8132222377362343,2.2276652174671234,3.852360739545257,0.12240368832753028,4.037970549617109,298.00000000000006
1589.7600000000002,5.099931798797055,0.8111697372524567,2.252145026418326,3.8498385733621485,0.12240568998153957,4.035437794775725,298.00000000000006
1607.0400000000002,5.099907185936757,0.8091172320722779,2.276624891382613,3.8474037219163035,0.12240732529660878,4.032948045278094,298.00000000000006
1624.3200000000002,5.099906848668347,0.8070647319357034,2.301104696192809,3.8451035018943145,0.12240946086979305,4.030520499136528,298.00000000000006
1641.6000000000001,5.099926035645908,0.8050122230571876,2.3255846052665228,3.842979051965125,0.12241301219770598,4.02825624065564,298.00000000000006
1658.88,5.099972796731019,0.8029597027513444,2.3500646506319556,3.8410215015892386,0.12242920212768521,4.0262149737060255,298.00000000000006
1676.16,5.100012384356199,0.8009071971363242,2.3745445207825484,3.8392068408389743,0.12255329354518367,4.024423557008705,298.00000000000006
1693.44,5.1000354740186085,0.7988546875910396,2.399024437808707,3.837480127793342,0.12276444138520609,4.022785363620602,298.00000000000006
1710.72,5.100047416983847,0.7968021855647514,2.423504265157158,3.8357886879516583,0.12301211518166985,4.021230579848117,298.00000000000006
1728,5.100043456178398,0.7947496897185852,2.4479840187963227,3.83408402002222,0.12325143714587795,4.0196867620107275,298.00000000000006
1745.2800000000002,5.100073858821854,0.7926971907785748,2.4724638093353395,3.8323496838763456,0.12344750138875958,4.018139148443562,298.00000000000006
1762.5600000000002,5.100108159267182,0.7906446879513324,2.496943646236575,3.830575798091791,0.12356342412750226,4.016645606406571,298.00000000000006
1779.8400000000001,5.1001019073962155,0.788592195145352,2.521423363616006,3.8287081219973604,0.1235938941909158,4.015095485447024,298.00000000000006
1797.1200000000001,5.10004358680458,0.7865396904839186,2.545903222393362,3.8267142442717557,0.12361514856486022,4.01336397084602,298.00000000000006
1814.4,5.099941765160372,0.7844871900789747,2.5703830304043005,3.824597054944396,0.12363242611400098,4.011348978431528,298.00000000000006
1831.68,5.099900092768772,0.7824346896897836,2.5948628382274235,3.8224344583094436,0.12364632553249556,4.009145102715854,298.00000000000006
1848.96,5.099907401553099,0.7803821921406129,2.6193426121780212,3.8202903274530104,0.12365747838320108,4.006921655724816,298.00000000000006
1866.2400000000002,5.099962641937654,0.7783297019532833,2.643822298325287,3.8181673670817786,0.12366660465570134,4.004814205052323,298.00000000000006
1883.5200000000002,5.100034215504364,0.7762772002032079,2.668302122379401,3.8160291159645476,0.12367436585551089,4.002879772183441,298.00000000000006
1900.8000000000002,5.100059898660013,0.7742246933020329,2.6927820078697313,3.81378611962007,0.12368008256154109,4.000983073501091,298.00000000000006
1918.0800000000002,5.100024859829667,0.7721721868543504,2.7172618879513326,3.8113514413540157,0.123684101066335,3.9989225451122574,298.00000000000006
1935.3600000000001,5.099896238966464,0.7701196591296734,2.741742021799893,3.808683078452075,0.12368746379399624,3.996495854001599,298.00000000000006
1952.64,5.099783145990445,0.7680671485155239,2.7662219515742033,3.8058406260203164,0.1236912556672977,3.993557635154999,298.00000000000006
1969.92,5.0997904695028815,0.7660146473864393,2.790701768221849,3.8030786871771225,0.123696601392894,3.9905305844007932,298.00000000000006
1987.2,5.099850701185389,0.7639621457877555,2.8151815904702917,3.8005633565184893,0.12370466461484171,3.9877653407832216,298.00000000000006
2004.48,5.099947856051527,0.7619096418416683,2.8396614407158545,3.798317249509727,0.12373051504320053,3.9854284209872204,298.00000000000006
2021.7600000000002,5.099972498262466,0.7598571405159414,2.8641412597088123,3.7962250946898073,0.12378453003392943,3.983364913654662,298.00000000000006
2039.0400000000002,5.0999926887573945,0.757804641698406,2.8886210487870296,3.7942256940629844,0.12386107070445652,3.9814390581252077,298.00000000000006
2056.32,5.100000604825457,0.7557521539916531,2.9131007053488815,3.7922911211621577,0.12395448075545061,3.9796001268480983,298.00000000000006
2073.6000000000004,5.099993471300343,0.7536996588374216,2.937580450735524,3.7904186004461202,0.12405912138623051,3.9778043528203244,298.00000000000006
2090.88,5.099999592202,0.7516471645643736,2.9620601856124247,3.7886191012629715,0.1241693911434959,3.9760601159658093,298.00000000000006
2108.1600000000003,5.100004860984912,0.7495946648395998,2.9865399855110772,3.786872326609441,0.12430576425238707,3.974380910556645,298.00000000000006
2125.44,5.100013016371543,0.7475421653390851,3.0110197827350818,3.7851279461017393,0.12449165659695434,3.9727538663590476,298.00000000000006
2142.7200000000003,5.100029368742472,0.7454896614276133,3.0354996325677597,3.783354679958554,0.12470480509513673,3.9711655249979496,298.00000000000006
2160,5.100105937223177,0.7434371547356698,3.059979515562645,3.781550841871893,0.12492457068965726,3.969667849703447,298.00000000000006
2177.28,5.100137440779558,0.7413846522328036,3.0844593485951015,3.7796717109800166,0.1251321568536418,3.9682082098265137,298.00000000000006
2194.56,5.100102762418351,0.7393321484982326,3.1089391963179582,3.777654308727073,0.12531012560162252,3.966608570832111,298.00000000000006
2211.84,5.099973044258265,0.7372796461327263,3.133419027712151,3.775447562591516,0.12544625870469922,3.9646839455905067,298.00000000000006
2229.1200000000003,5.099861259022158,0.7352271387513971,3.1578989189291944,3.7730784635543095,0.12555876596364793,3.962339101595203,298.00000000000006
2246.4,5.0998423182257255,0.7331746357272231,3.182378758179256,3.7706948883222786,0.12565796995491463,3.959845909621884,298.00000000000006
2263.6800000000003,5.099883381908288,0.731122123111362,3.206858711827662,3.7683889221255833,0.12575104634213877,3.95743970030132,298.00000000000006
2280.96,5.099960043851778,0.7290696145744897,3.2313386168266627,3.76616006916595,0.12584536233675755,3.9552540115374764,298.00000000000006
2298.2400000000002,5.099993364640331,0.7270171081309251,3.2558184968591535,3.7639257978106624,0.12594837510424434,3.9532012533602257,298.00000000000006
2315.52,5.09999990402615,0.7249646092450908,3.280298286751985,3.761623508188384,0.12606754526123035,3.95114691721935,298.00000000000006
2332.8,5.099970351944167,0.7229121167591076,3.3047780003148257,3.7592348862403595,0.12622943519963045,3.9489851500736934,298.00000000000006
2350.08,5.099882517278569,0.720859619574147,3.3292577699216372,3.756792750259383,0.12643040167928563,3.94662020531153,298.00000000000006
2367.36,5.099842354386134,0.7188071105681926,3.353737680515298,3.7544096556539452,0.12664190358490288,3.9440925343844317,298.00000000000006
2384.6400000000003,5.099855965692399,0.7167546093517367,3.3782174982050095,3.7522007775137975,0.12683884298913012,3.9416554081083093,298.00000000000006
2401.92,5.09991451837052,0.7147021170091743,3.4026972100573385,3.750197067078979,0.12699809301873663,3.939470435855017,298.00000000000006
2419.2000000000003,5.100000853382086,0.7126496156007515,3.4271770300366313,3.748370648474684,0.1270963593633646,3.9376240437934324,298.00000000000006
2436.48,5.100048167404737,0.7105971112920081,3.451656884607494,3.746628807533175,0.1271144245010078,3.935996609758977,298.00000000000006
2453.76,5.100070723423956,0.7085446059640237,3.476136751334652,3.7449052259733673,0.12710554580618436,3.9344566550372964,298.00000000000006
2471.04,5.1000512701262934,0.7064920951712832,3.500616683239032,3.7431654215532815,0.12708952792001785,3.9328802482155782,298.00000000000006
2488.32,5.099998706060796,0.7044395939513539,3.525096500970126,3.7413914780968196,0.12707005378585579,3.9311869559855888,298.00000000000006
2505.6000000000004,5.099973740940034,0.7023870884282504,3.549576370024443,3.7396181048705497,0.12705101708309097,3.9294201461230363,298.00000000000006
2522.88,5.099968855378288,0.700334584459379,3.574056220541748,3.737866435732713,0.12703653767489717,3.9276591195370956,298.00000000000006
2540.1600000000003,5.099986078924761,0.698282075446674,3.598536131215928,3.7361415633305874,0.12703095180070814,3.925958392749508,298.00000000000006
2557.44,5.100032940282425,0.6962295712707012,3.623015984203244,3.7344435055340486,0.12706401087762226,3.9243626430561456,298.00000000000006
2574.7200000000003,5.100073538340321,0.6941770678229212,3.6474958285055803,3.7327469264942414,0.12714728923728,3.9228714622185743,298.00000000000006
2592,5.1000828064381984,0.6921245753880634,3.671975541458708,3.7309967203338177,0.12726250153284588,3.921390353922224,298.00000000000006
2609.28,5.100050060600166,0.6900720874436777,3.696455200854781,3.729146674700174,0.12739259054337662,3.919810697500283,298.00000000000006
2626.5600000000004,5.099996131254834,0.6880195854463835,3.7209350278574065,3.7271756854202547,0.1275216923511134,3.918044892576107,298.00000000000006
2643.84,5.09996720010252,0.6859670846383293,3.7454148406761676,3.725113738686292,0.12763470728998086,3.9161298870274757,298.00000000000006
2661.1200000000003,5.099952165501399,0.6839145806653574,3.769894691242374,3.72298741520235,0.12772953738689585,3.9141199269668414,298.00000000000006
2678.4,5.099950390632333,0.6818620912031416,3.7943743687413516,3.7208161944612272,0.12783421661729846,3.9120558986748026,298.00000000000006
2695.6800000000003,5.0999258983947175,0.6798095847362514,3.8188542490520545,3.7186033185471707,0.12794121171440706,3.909938734740374,298.00000000000006
2712.96,5.099911094850698,0.6777570836233039,3.8433340655071913,3.716368220315952,0.12804025704110591,3.907747040588306,298.00000000000006
2730.2400000000002,5.099914343216883,0.675704580026867,3.867813911582504,3.7141629642874583,0.12812120902655783,3.9055501258773613,298.00000000000006
2747.52,5.099933737971634,0.6736520799223903,3.892293716009834,3.7120318747974577,0.1281737344222041,3.9034092334247195,298.00000000000006
2764.8,5.09991343163142,0.671599575553059,3.9167735713033123,3.709968981018773,0.12818788465041148,3.9013185449491266,298.00000000000006
2782.0800000000004,5.099908264599152,0.6695470728600121,3.941253406604066,3.707985779608192,0.12818799609364545,3.8992572773073366,298.00000000000006
2799.36,5.099923143077042,0.6674945877715177,3.965733031938442,3.7061153085525333,0.12818806168097635,3.897300911214731,298.00000000000006
2816.6400000000003,5.099960487489859,0.6654420809865437,3.990212916042883,3.7043733238815317,0.12818810523805624,3.895506120094882,298.00000000000006
2833.92,5.0999979185556885,0.6633895725244053,4.01469282015055,3.7027462496595285,0.12818815199044356,3.893893975179374,298.00000000000006
2851.2000000000003,5.10001995734907,0.6613370763722127,4.039172577439711,3.7011803678398953,0.1281882284397079,3.892398697289272,298.00000000000006
2868.48,5.100033304473183,0.6592845814253324,4.063652320353275,3.699615174766983,0.12818855426480877,3.890968280634065,298.00000000000006
2885.76,5.100034664526916,0.6572320701060245,4.0881322585378985,3.698012029836971,0.12822587429722573,3.889555399977506,298.00000000000006
2903.04,5.100066232089862,0.6551795503672898,4.11261229713953,3.6963663194081655,0.12831579807003382,3.888144582653898,298.00000000000006
2920.32,5.1001022119091,0.653127045248811,4.137092161367942,3.694681178298022,0.12844157922985622,3.8867867717839113,298.00000000000006
2937.6000000000004,5.100097695130746,0.6510745302620937,4.161572143293137,3.6929355222617075,0.12858711891659114,3.885395337322535,298.00000000000006
2954.88,5.10004276501307,0.6490220263735085,4.18605199285285,3.6911124581876047,0.1287372360258712,3.8838692853390655,298.00000000000006
2972.1600000000003,5.099933706245492,0.6469695237777262,4.210531826993519,3.689212922238206,0.12887741200696243,3.8821152149779077,298.00000000000006
2989.44,5.099887043347773,0.644917021786988,4.235011653917958,3.6872961873893852,0.1290179217613943,3.880196147109705,298.00000000000006
3006.7200000000003,5.099894920563189,0.6428645314711278,4.2594913415981654,3.68541068738656,0.12917429295582747,3.878285864231475,298.00000000000006
3024,5.099956087691752,0.6408120243574014,4.283971229623598,3.683583198382362,0.12933844555001822,3.8765056941752407,298.00000000000006
3041.28,5.100027612639868,0.6387595136311611,4.308451160734817,3.681815247202871,0.1295024104031847,3.8749167438753527,298.00000000000006
3058.5600000000004,5.100062851645798,0.6367070127671673,4.332930974220751,3.680058054661006,0.12965876588713104,3.8734235240546555,298.00000000000006
3075.84,5.100055841937096,0.6346544794379613,4.357411174913533,3.67827849050014,0.12980033927257367,3.871918886419177,298.00000000000006
3093.1200000000003,5.099996541503924,0.632601974497869,4.381891037014382,3.676455096651508,0.1299309946704322,3.870300225606047,298.00000000000006
3110.4,5.099904307277771,0.6305494615567774,4.406370994541744,3.6746009799164625,0.13006956896651165,3.868492936018435,298.00000000000006
3127.6800000000003,5.099875553839356,0.6284969582098282,4.430850837641463,3.6727880492145832,0.1302061320930592,3.8666029085643463,298.00000000000006
3144.96,5.0998933709708405,0.6264444640553535,4.455330571104192,3.671077452023485,0.1303296561769759,3.8647850806021418,298.00000000000006
3162.2400000000002,5.099960315609136,0.6243919639435489,4.479810375618889,3.669493632561563,0.13042926394678742,3.8631466091956677,298.00000000000006
3179.5200000000004,5.100009378977411,0.6223394668758402,4.504290143827244,3.668019213288754,0.13049360569011084,3.8617182210619134,298.00000000000006
3196.8,5.100034965238998,0.6202869863687539,4.528769714519976,3.666609336699166,0.13051494857522788,3.8604001718158103,298.00000000000006
3214.0800000000004,5.100042645393377,0.6182344781298192,4.553249615965535,3.665248924490327,0.13052590641189388,3.859143806688995,298.00000000000006
3231.36,5.100026792775153,0.6161819715917138,4.577729497125562,3.6639254595324884,0.13053508276884226,3.857903381468262,298.00000000000006
3248.6400000000003,5.100000894451865,0.6141294516350928,4.602209538325918,3.662621136923148,0.13054229589296873,3.8566440178092187,298.00000000000006
3265.92,5.099992642778245,0.6120769815672807,4.626688984511299,3.661318282655603,0.13054738488358952,3.855385424820809,298.00000000000006
3283.2000000000003,5.100002095294215,0.6100244646839064,4.651168989057531,3.6600185680384287,0.13055016550738327,3.8541602307408316,298.00000000000006
3300.48,5.100032803163206,0.6079719545360224,4.675648913270818,3.6587313357062152,0.13055050812544666,3.8529978871764996,298.00000000000006
3317.76,5.1001005474216665,0.6059194728199451,4.700128498382966,3.6574671725044694,0.1305491264895852,3.851931492822891,298.00000000000006
3335.0400000000004,5.100158904648811,0.6038669753493583,4.724608271396323,3.656204021110058,0.13054674288812612,3.8509676177281844,298.00000000000006
3352.32,5.100170526235106,0.6018144569263602,4.7490882943054205,3.6549043562675863,0.13054399777324807,3.8500160703666193,298.00000000000006
3369.6000000000004,5.100116471621666,0.5997619640627679,4.77356801237198,3.6535292763220655,0.13054156599377062,3.8489699662985695,298.00000000000006
3386.88,5.100005824699434,0.597709475219997,4.798047682482925,3.6520681828337422,0.13054016878162453,3.8477334155259855,298.00000000000006
3404.1600000000003,5.099943735691568,0.5956569579986671,4.822527691059941,3.6505620842493123,0.13057937045049425,3.8463373463926818,298.00000000000006
3421.44,5.0999324420300445,0.5936044601121099,4.847007469034541,3.6490673215091394,0.13075287704032243,3.8449073799886846,298.00000000000006
3438.7200000000003,5.099968642850095,0.5915519594498149,4.871487280114873,3.647614145963403,0.13101274703833976,3.8435392900003156,298.00000000000006
3456,5.099998096507138,0.5894994326800411,4.895967402574464,3.646197777531828,0.13130949930261218,3.842278034603467,298.00000000000006
3473.28,5.100006512829399,0.5874469415276293,4.920447100232071,3.6447953785894507,0.13160112968014065,3.841057909625148,298.00000000000006
3490.5600000000004,5.100015286743804,0.5853944377428051,4.94492694855425,3.643411412400677,0.13184961849905388,3.839864596490284,298.00000000000006
3507.84,5.10002319016892,0.583341925847753,4.96940689360572,3.642045673005615,0.13204325511672388,3.8386920106004547,298.00000000000006
3525.1200000000003,5.100050344103061,0.581289412848794,4.9938868518232535,3.640694238306227,0.13222185871216702,3.8375453489652553,298.00000000000006
3542.4,5.100070550117932,0.5792369242471781,5.018366519057983,3.639361289137209,0.13239235637587204,3.8364393530910044,298.00000000000006
3559.6800000000003,5.100065179637165,0.577184419726938,5.04284637615133,3.6380211640499995,0.13256058171276658,3.835332160698574,298.00000000000006
3576.96,5.100030555067868,0.5751319111830797,5.067326281233645,3.6366595476710444,0.13273216374818494,3.834179701765958,298.00000000000006
3594.2400000000002,5.099965541289896,0.5730794155491072,5.091806032342047,3.635279271019696,0.13291220815892987,3.8329415199744403,298.00000000000006
3611.5200000000004,5.099932490701429,0.5710269126932814,5.116285869584224,3.633898975677013,0.13310426268155112,3.8316351608206234,298.00000000000006
3628.8,5.099935057536264,0.5689744087676787,5.14076571958543,3.6325404574767908,0.1333054534528249,3.8303353817528376,298.00000000000006
3646.0800000000004,5.099973633250639,0.5669219113325786,5.165245492175616,3.6312299935894146,0.13351212842627122,3.8291039532828712,298.00000000000006
3663.36,5.10002036036608,0.5648694006053853,5.189725423298167,3.6299756812313166,0.13372087464549456,3.827979234765032,298.00000000000006
3680.6400000000003,5.10004265405076,0.5628169025511138,5.214205203273079,3.628764740934771,0.13392823720248953,3.8269224686059258,298.00000000000006
3697.92,5.100045611972309,0.560764397853055,5.238685062487228,3.6275800911595795,0.13413091553526424,3.8258932852001846,298.00000000000006
3715.2000000000003,5.100025964965705,0.5587118701914924,5.263165195583052,3.626383693456958,0.13433408007957864,3.8248545985984674,298.00000000000006
3732.4800000000005,5.099990703128567,0.5566594202969671,5.287644401165165,3.625157188703182,0.13456989494807536,3.8237753509545964,298.00000000000006
3749.76,5.099975625108558,0.5546068980221552,5.31212447001417,3.623922409847738,0.13481854520359365,3.822666723842259,298.00000000000006
3767.0400000000004,5.099982725033524,0.552554401769889,5.336604228496849,3.6227060137125124,0.1350544390295548,3.821568204490265,298.00000000000006
3784.32,5.100013954404255,0.5505018692859405,5.3610844191083835,3.621530772385218,0.13525345468472227,3.8205150427365067,298.00000000000006
3801.6000000000004,5.100075115013386,0.5484494332918199,5.385563458902901,3.62040456077689,0.13539146431497234,3.819539847201329,298.00000000000006
3818.88,5.100116255873351,0.5463968822466237,5.410043870891116,3.619306503926129,0.13544141227438522,3.8186390339558325,298.00000000000006
3836.1600000000003,5.100114862932121,0.5443444215263181,5.434523205590435,3.6182090184605373,0.13543896977287187,3.817750696383506,298.00000000000006
3853.44,5.100061535776391,0.5422918911453095,5.459003371120578,3.6170955983391018,0.13543302883420336,3.8168102661343903,298.00000000000006
3870.7200000000003,5.099952459773233,0.5402393763625527,5.483483350613151,3.615976242082284,0.13542518636840642,3.8157596477027886,298.00000000000006
3888.0000000000005,5.099887944560214,0.5381868411141509,5.507963574195821,3.6148842675530544,0.135417219278188,3.8146140361943512,298.00000000000006
3905.28,5.0998757257200795,0.5361344151196601,5.532442494726481,3.6138538605598156,0.13541102410677563,3.813474852818707,298.00000000000006
3922.5600000000004,5.099910488543558,0.5340818297068339,5.556923316611344,3.612889645472406,0.13540862790612967,3.812418246676591,298.00000000000006
3939.84,5.099946060383629,0.5320293613621515,5.581402742245256,3.6119823618690283,0.13547220758683232,3.811490707082123,298.00000000000006
3957.1200000000003,5.099936880839164,0.5299767877923242,5.605883422880801,3.6110938645781876,0.13562416291063506,3.8106167171054075,298.00000000000006
3974.4,5.099952205726555,0.527924398623857,5.630361904194023,3.6102261820285335,0.13581924757391514,3.809793884269975,298.00000000000006
3991.6800000000003,5.099994908769027,0.5258718449758217,5.654842347225873,3.6093879175515555,0.13601689769463796,3.8090473031815697,298.00000000000006
4008.96,5.100074476716161,0.5238193882941486,5.679321633757131,3.6085925835982815,0.13617981517112315,3.80840331629768,298.00000000000006
4026.2400000000002,5.100157832585032,0.5217668591868906,5.703801784095476,3.607822529497349,0.1362707285327446,3.807872755949207,298.00000000000006
4043.5200000000004,5.100220632448493,0.5197143255329084,5.728281988661815,3.6070525198548506,0.13630338361989197,3.8074139552083697,298.00000000000006
4060.8,5.1002472582558855,0.5176618505098683,5.752761493947267,3.6062544669494274,0.13632450096292975,3.8069746300388574,298.00000000000006
4078.0800000000004,5.100218148967362,0.5156093449620629,5.777241363296195,3.6054151163286683,0.13634007835186868,3.8064950584990944,298.00000000000006
4095.36,5.1002392119047695,0.5135568560346703,5.801721034416433,3.604544434015586,0.13635661424150103,3.8059598907806302,298.00000000000006
4112.64,5.1002416878370855,0.5115042738585202,5.826201817698028,3.603647940839685,0.13638103551043693,3.805406104202244,298.00000000000006
4129.92,5.100208404634243,0.5094517941905372,5.850681378382937,3.6027125194180796,0.13642343189050263,3.804799725577631,298.00000000000006
4147.200000000001,5.100127154779331,0.5073992880187415,5.875161255174124,3.6017224994649024,0.13657348124813115,3.804106357060968,298.00000000000006
4164.4800000000005,5.09996953822936,0.5053467648722069,5.899641334419931,3.6006764529721753,0.13682765819974033,3.8032574204185834,298.00000000000006
4181.76,5.099902951447152,0.5032942704969406,5.924121070516001,3.5996197250273054,0.13713245916733105,3.8022978658867626,298.00000000000006
4199.04,5.099908914483544,0.501241761616357,5.948600979614426,3.598605090834766,0.13744199352546319,3.8013347254742085,298.00000000000006
4216.320000000001,5.099978852623121,0.4991892777733803,5.973080590093707,3.597658554270655,0.13771676028060775,3.8004494972777167,298.00000000000006
4233.6,5.099975267648388,0.49713677681359775,5.997560404722105,3.5967691615462,0.13792204087959226,3.7996378714324375,298.00000000000006
4250.88,5.09997922438909,0.4950842663926247,6.022040332192466,3.5959168583996237,0.13809892840883797,3.7988541084592513,298.00000000000006
4268.16,5.099990289791324,0.49303180189744716,6.046519711913989,3.5950860602620587,0.13827088815579286,3.7981044415077654,298.00000000000006
4285.4400000000005,5.100009970081342,0.49097914735794934,6.071001358260409,3.594275554006137,0.13842985760531845,3.7973935309384435,298.00000000000006
4302.72,5.100032484001396,0.48892682334273396,6.095479062502401,3.5934988891920745,0.13856763648089812,3.7967252458392236,298.00000000000006
4320,5.100047235152412,0.48687431974667367,6.11995890857319,3.5927523682270786,0.1386760853444704,3.7960921426354517,298.00000000000006
4337.280000000001,5.100051648438089,0.48482197987001757,6.144436801991724,3.5920360444972737,0.13874666008417857,3.7954842054188886,298.00000000000006
4354.56,5.1000444478446525,0.48276924484298955,6.168919408298614,3.5913490833430566,0.13878898308235044,3.7948907181283347,298.00000000000006
4371.84,5.100030240155567,0.4807168686771409,6.193397734531949,3.590687197205572,0.13881891996152373,3.794303326133414,298.00000000000006
4389.12,5.100024234808855,0.47866403466784,6.217881521382829,3.590023792826878,0.13884278572931297,3.79372252402863,298.00000000000006
4406.400000000001,5.100027280597561,0.4766110127897495,6.242367548911439,3.5893607206294917,0.1388672963318803,3.793154831367127,298.00000000000006
4423.68,5.10003894795185,0.4745597579441886,6.266832501356716,3.588701357978728,0.13889956284149768,3.7926082770013534,298.00000000000006
4440.96,5.100065397470644,0.4725071576317609,6.29131350094649,3.588009789169673,0.1389473797796373,3.7920882576844472,298.00000000000006
4458.240000000001,5.100088552855259,0.4704546731057115,6.315793119572674,3.587327007910024,0.13902118747675107,3.7916024271308197,298.00000000000006
4475.52,5.100095230548048,0.468401631489517,6.340279382514133,3.586644838762657,0.1391207383366038,3.791135964256156,298.00000000000006
4492.8,5.100082059369405,0.4663490241856585,6.36476046548947,3.5859741953088564,0.139242082626334,3.7906714601579585,298.00000000000006
4510.08,5.100034964024854,0.4642965512585141,6.389239945777548,3.585304976458147,0.13938111125328462,3.7901908025050743,298.00000000000006
4527.360000000001,5.099933930387246,0.46224430145474316,6.4137167649128095,3.5846289931419424,0.13953402482244284,3.7896442275024427,298.00000000000006
4544.64,5.099922475719517,0.46019195044869754,6.438194791069601,3.5839484100940675,0.13970853816920067,3.7890661822716116,298.00000000000006
4561.92,5.099997262970093,0.45813961806744247,6.462672595091824,3.5832649023228442,0.1399425226538741,3.7885391400747968,298.00000000000006
4579.200000000001,5.100185808970545,0.45608650298684694,6.4871597342301675,3.5825778060375137,0.14021714500749904,3.788136951385532,298.00000000000006
4596.4800000000005,5.10036543462013,0.4540339378616465,6.511640314148134,3.5819240348386048,0.14050800074279032,3.7879091820833106,298.00000000000006
4613.76,5.100479438653723,0.45198174928753776,6.53611640300803,3.581273388397115,0.14079271837403867,3.7877652450006427,298.00000000000006
4631.04,5.10052232690612,0.44992943628041115,6.560593975958479,3.580609537065927,0.14105124874692115,3.78763627013783,298.00000000000006
4648.320000000001,5.100452941572112,0.44787699267372616,6.5850731065466555,3.5799116077022126,0.14128784954831036,3.78744167880042,298.00000000000006
4665.6,5.099898564951852,0.4458242381044529,6.609555945930454,3.579146712912691,0.14154807101042685,3.7869770513678365,298.00000000000006
4682.88,5.099669619379843,0.44377168307302695,6.6340364054617575,3.578340319633492,0.14180837895271273,3.7861590894001504,298.00000000000006
4700.16,5.099730085286789,0.4417189860589718,6.658518558394697,3.5775719757875426,0.14204236348180668,3.7853055093038144,298.00000000000006
4717.4400000000005,5.100041697700292,0.43966661900773313,6.682996775919651,3.576900580320704,0.14222425351326468,3.7846365707827068,298.00000000000006
4734.72,5.100288604306382,0.4376142131438865,6.707475456355705,3.5762977477689524,0.14232718102971928,3.784265843939423,298.00000000000006
4752,5.10039661906749,0.4355619450583336,6.731952493534498,3.575708268277416,0.14233901884003047,3.7840075116742775,298.00000000000006
4769.280000000001,5.10042545995075,0.4335093171913993,6.756433821762017,3.575087722483386,0.1423374423787975,3.78377832732431,298.00000000000006
4786.56,5.100335221937603,0.43145627384275964,6.780920105366017,3.574416263300664,0.14233492361812836,3.7834945865299305,298.00000000000006
4803.84,5.100218449758628,0.42940415322358594,6.805395383739485,3.5737002046866975,0.14233213420362942,3.7830937688185684,298.00000000000006
4821.12,5.100125201351744,0.4273519515992974,6.829871628246602,3.572946038914423,0.14232979379840865,3.7825977588519217,298.00000000000006
4838.400000000001,5.1000455032535275,0.4252996815426585,6.854348688934204,3.572159203493381,0.14232867490030324,3.7820271601580733,298.00000000000006
4855.68,5.09996419530441,0.42324683290338133,6.878832650274208,3.571337606139277,0.14241545457319688,3.7813993929055125,298.00000000000006
4872.96,5.099621726421106,0.42119412958651015,6.9033148783797245,3.57048480466646,0.1426696665371857,3.7806182119078877,298.00000000000006
4890.240000000001,5.099546275059525,0.41914157317450396,6.9277953543769355,3.5696276760970984,0.14301615731241063,3.7797030965305978,298.00000000000006
4907.52,5.099653286250475,0.4170889387549424,6.952276760756442,3.5688335293095794,0.1433905615444594,3.7788474876306033,298.00000000000006
4924.8,5.099947401406955,0.41503699230421587,6.976749961853758,3.568134605568615,0.14373963568899417,3.778186976922177,298.00000000000006
4942.08,5.10020778576334,0.41298436679315326,7.001231261983171,3.5675087970030317,0.14401593609187596,3.7778074650367497,298.00000000000006
4959.360000000001,5.100318303194351,0.4109317295973756,7.025712701474129,3.566905265332172,0.1442609538448356,3.7775506397165266,298.00000000000006
4976.64,5.100362014162066,0.40887879099383634,7.0501977358019206,3.5662977414280532,0.14451187702449464,3.777334557608622,298.00000000000006
4993.92,5.100298504973887,0.40682655040897464,7.0746744449848595,3.5656689757535616,0.144749964707963,3.777092613284126,298.00000000000006
5011.200000000001,5.100202002209276,0.40477444835982934,7.09914950187689,3.5650153924596286,0.1449566300154811,3.776760062256071,298.00000000000006
5028.4800000000005,5.100139986604402,0.4027218801880245,7.123630118131175,3.564343876915991,0.14511340368229853,3.7763594554722033,298.00000000000006
5045.76,5.100081030830089,0.4006692818658446,7.148111093983589,3.563650628078494,0.14520007761852016,3.775904990468176,298.00000000000006
5063.04,5.100027096707358,0.39861647128957983,7.172594601352844,3.562934702801717,0.14523915883893262,3.7754036792317143,298.00000000000006
5080.320000000001,5.0997962830674455,0.39656427987067766,7.197070724142121,3.5622024118158633,0.14526595111403084,3.7748241833039127,298.00000000000006
5097.6,5.099677887708368,0.3945115849326297,7.221552852314849,3.561445166811068,0.14528635672557633,3.774103593851226,298.00000000000006
5114.88,5.099727460806452,0.392459124100581,7.246032188346918,3.560716377479489,0.1453068440710362,3.7733818480342625,298.00000000000006
5132.160000000001,5.099936912380543,0.390406769847495,7.270510253230572,3.5600355266014616,0.1453343642616968,3.7727774046027145,298.00000000000006
5149.4400000000005,5.100201211853567,0.3883545188873212,7.294987086158014,3.5593887025886692,0.1453755285115889,3.772387068511685,298.00000000000006
5166.72,5.100316558414971,0.3863017625165867,7.319469947027496,3.558742083839753,0.145429327222804,3.7721205576185755,298.00000000000006
5184,5.100370797684053,0.3842488094708166,7.3439551536052425,3.5580817463887886,0.14549799007107556,3.771900758214054,298.00000000000006
5201.280000000001,5.100336007832647,0.3821965693508913,7.368431857242988,3.5574136769002087,0.1455851492977434,3.7716718955516035,298.00000000000006
5218.56,5.100279668488359,0.3801448168122291,7.39290274558554,3.5567223959244587,0.14569458319728548,3.771381537286169,298.00000000000006
5235.84,5.100256419957696,0.37809216756234715,7.4173843288436405,3.556001321221026,0.14583078896415083,3.7710570967465746,298.00000000000006
5253.120000000001,5.100203077994675,0.37603910362882265,7.441870857959944,3.5552505752710943,0.1461237445717796,3.7706970690251667,298.00000000000006
5270.400000000001,5.100120776267745,0.37398752559892207,7.466339664967462,3.5544751241995236,0.14658433783319055,3.7702859500185144,298.00000000000006
5287.68,5.099912632697512,0.37193321895752673,7.4908410156399405,3.5536313035835243,0.1471089206177415,3.7697868690615963,298.00000000000006
5304.96,5.099770027363172,0.3698785919009457,7.515346187847472,3.5527900688897165,0.1476171162235366,3.7691558580004947,298.00000000000006
5322.240000000001,5.099742455182417,0.3678298066203914,7.53978168622926,3.5520172236114735,0.14804388659372497,3.7684830431689273,298.00000000000006
5339.52,5.099819627621155,0.3657795578466145,7.564234639434964,3.55123385499102,0.14833522761146783,3.767838933496042,298.00000000000006
5356.8,5.099892920074281,0.3637250070926839,7.588738901594326,3.5504566584365778,0.1485792971917252,3.767274842104996,298.00000000000006
5374.08,5.099909535941104,0.3616708232190232,7.61323878803783,3.549728923419385,0.14880861364327583,3.76674958354318,298.00000000000006
5391.360000000001,5.099920775362013,0.3596179906655649,7.637722557525137,3.54903166649402,0.14901043241250125,3.766247593531694,298.00000000000006
5408.64,5.099927086330176,0.35756642551256707,7.662191210952145,3.5483548970867913,0.14917218316273206,3.765764831793616,298.00000000000006
5425.92,5.09991206489989,0.3555130186178708,7.686681830505477,3.5476756269325955,0.14927985766607504,3.7652938340405715,298.00000000000006
5443.200000000001,5.099894824091439,0.3534605267317923,7.711161536913426,3.5470387454190684,0.14932567353595613,3.7648214154252444,298.00000000000006
5460.4800000000005,5.099916450550566,0.3514090613192349,7.735629000753858,3.54639746213007,0.1493493030735825,3.7643643852178665,298.00000000000006
5477.76,5.099982118831962,0.34935573150012067,7.760118701040428,3.5457230676221143,0.14936435752847324,3.7639452878779434,298.00000000000006
5495.04,5.100060241312892,0.34730259364968064,7.78460611175062,3.5450737380871047,0.14937860684922727,3.7635903452559667,298.00000000000006
5512.320000000001,5.100025193666797,0.345250437135468,7.809081818237854,3.5444156742157813,0.14940076351009923,3.7632520069772233,298.00000000000006
5529.6,5.100085764465326,0.3431986328473947,7.833553323786448,3.5437356019069846,0.14944952830376326,3.762922186277716,298.00000000000006
5546.88,5.100253725611223,0.34114702796951013,7.858022451005116,3.543037922207187,0.14972094478192552,3.762661056588012,298.00000000000006
5564.160000000001,5.100576162762276,0.33909394289976225,7.882509232209425,3.5423361985897523,0.15018629033923636,3.762533853166594,298.00000000000006
5581.4400000000005,5.100663729022609,0.3370411051066391,7.906993064189265,3.5416510983653904,0.150725739360089,3.7625317883768217,298.00000000000006
5598.72,5.100741627071446,0.3349881148275796,7.931478714841851,3.540952073277359,0.151241159263981,3.76253275915265,298.00000000000006
5616,5.10083195495773,0.3329352587258737,7.955962765184941,3.540238079010976,0.15166421810567818,3.7625337901751568,298.00000000000006
5633.280000000001,5.100270424726173,0.3308826318554434,7.9804440815272795,3.539478918849201,0.15197460596397463,3.7625046153942296,298.00000000000006
5650.56,5.099219730006698,0.3288309679580476,8.004913912661179,3.5385840361069856,0.15226298600848098,3.761797810998103,298.00000000000006
5667.84,5.099077553740698,0.32677920088863294,8.02938497430943,3.537656224186275,0.15253154933411373,3.760723426157889,298.00000000000006
5685.120000000001,5.099366803157668,0.32472659574181567,8.053866031558105,3.5367940890891,0.1527784821705358,3.759728734080666,298.00000000000006
5702.400000000001,5.099946444370232,0.3226735414318272,8.07835244589621,3.536035358657754,0.15300179416390847,3.759075186387432,298.00000000000006
5719.68,5.100028208046095,0.3206206390833501,8.102837047816335,3.5353364633688487,0.15319866743701857,3.758681383311508,298.00000000000006
5736.96,5.100107532082025,0.31856805063289434,8.127317905930465,3.534652293077454,0.15335560738494855,3.7583501541198405,298.00000000000006
5754.240000000001,5.100174999620967,0.3165156569241707,8.151796441394533,3.5339649922321272,0.15348436260316276,3.7580693927102646,298.00000000000006
5771.52,5.100229890437293,0.3144633603795201,8.176273817999942,3.5332644098711024,0.15361007212548858,3.7578233259171276,298.00000000000006
5788.8,5.100356856262279,0.31241127474764097,8.200748679086166,3.5325448899586323,0.1537593802629321,3.7576193301870155,298.00000000000006
5806.08,5.100419921284485,0.31035871511563434,8.225229193487792,3.531785659706872,0.15396009616869194,3.7574615586490507,298.00000000000006
5823.360000000001,5.100387976650285,0.30830593639570214,8.24971232091216,3.530980276966231,0.15427963692847643,3.7572964773950615,298.00000000000006
5840.64,5.1002052637726925,0.3062533583923569,8.274193054425483,3.530130477041114,0.15472759522603113,3.7570632137756865,298.00000000000006
5857.92,5.099761611093699,0.3042011876273865,8.29866893087896,3.529233481503716,0.15524106426215661,3.756618246100647,298.00000000000006
5875.200000000001,5.099632290011868,0.3021489525890908,8.323145573908974,3.528320876301378,0.15576691955913202,3.755992011057465,298.00000000000006
5892.4800000000005,5.099740690448825,0.3000961998984506,8.347628390886664,3.527440747640674,0.15625821666525364,3.755374257437023,298.00000000000006
5909.76,5.1000702515701954,0.2980433396652419,8.372112490505454,3.5266126018252066,0.1566928762220689,3.7548951446386485,298.00000000000006
5927.04,5.100224688115632,0.2959906455339728,8.3965946090559,3.5258150343481183,0.15711014770727763,3.7545923490639326,298.00000000000006
5944.320000000001,5.100293601437512,0.2939380537167365,8.421075507325009,3.5250150235818474,0.15752123535306797,3.7543531839998514,298.00000000000006
5961.6,5.10026266393672,0.2918855801343854,8.445554995427658,3.5241937340286533,0.15793208327182107,3.7541199594688472,298.00000000000006
5978.88,5.100112428623868,0.28983346393913906,8.470030221037751,3.5233454500708747,0.1583480528742998,3.7538301197683315,298.00000000000006
5996.160000000001,5.099930311152503,0.28778144013797063,8.494504344680056,3.5224630807933504,0.15877448564921562,3.753425439683862,298.00000000000006
6013.4400000000005,5.099874357827193,0.2857288855797725,8.518984798567248,3.52155412715253,0.15923687010991716,3.752944892329173,298.00000000000006
6030.72,5.099932849718873,0.28367609739221455,8.543468038910364,3.5206504614933984,0.15972869805397288,3.7524645069987796,298.00000000000006
6048,5.100099198743947,0.28162342672656077,8.567949877590562,3.519773619844201,0.16021684122902277,3.7520520553595054,298.00000000000006
6065.280000000001,5.100203845703937,0.2795710489715058,8.59242822277804,3.5189208871179902,0.1606715071313773,3.7517281161335148,298.00000000000006
6082.56,5.10023902057133,0.27751843710653445,8.616909360152949,3.518074642400961,0.1610637911396253,3.751441295480498,298.00000000000006
6099.84,5.100191478394965,0.27546579160525003,8.641390898702207,3.517222232398098,0.16136594814916808,3.75114409965135,298.00000000000006
6117.120000000001,5.100067689090445,0.27341343666639006,8.665868971764976,3.516353699811654,0.16159617102795296,3.750787337890624,298.00000000000006
6134.400000000001,5.099971117066771,0.27136127576869185,8.69034473053326,3.5154603780359577,0.16178719261844351,3.7503529300572915,298.00000000000006
6151.68,5.0999204194855094,0.26930876084888,8.714824711660455,3.514533501433327,0.1619697793512182,3.7498690495754903,298.00000000000006
6168.96,5.099912369016857,0.26725614074502513,8.739305947299094,3.513583510609915,0.16217745976646344,3.74936504218014,298.00000000000006
6186.240000000001,5.099845389643451,0.2652034688443746,8.763787800708872,3.5126103789686676,0.16244510276028917,3.7488578543362423,298.00000000000006
6203.52,5.099775727669109,0.2631510218951253,8.788266971163253,3.5116067797796973,0.16282172161850195,3.7482951593901417,298.00000000000006
6220.8,5.0998307027365515,0.26109850263932766,8.812747004004965,3.5105896742989167,0.16329473479138826,3.74773060233489,298.00000000000006
6238.080000000001,5.100012792995227,0.2590458204288927,8.837228980377724,3.5095894114761506,0.16381279675351584,3.7472389348700266,298.00000000000006
6255.360000000001,5.100255366607588,0.2569933539473171,8.861708383790685,3.508621669195605,0.16433131486251412,3.7468878428444685,298.00000000000006
6272.64,5.100381946756726,0.2549411122190406,8.886185106610904,3.507668084746059,0.16481048136407564,3.746642144051005,298.00000000000006
6289.92,5.100394118245198,0.2528888409906129,8.910662181274235,3.5067079720427983,0.16522402717002235,3.7464271688948267,298.00000000000006
6307.200000000001,5.10026516581479,0.2508364863065157,8.935140251298524,3.505719227817976,0.1656056718320172,3.7461673305024075,298.00000000000006
6324.4800000000005,5.100042483331393,0.24878396266461364,8.959620336452556,3.504688545363968,0.1659724001078425,3.74578413760682,298.00000000000006
6341.76,5.099912457385509,0.24673129164887395,8.984102179308135,3.5036169592707083,0.16633729082371793,3.745279651101789,298.00000000000006
6359.040000000001,5.099878551405385,0.24467874358854094,9.008582555696467,3.5025187269616636,0.1667134311246165,3.744717637600482,298.00000000000006
6376.320000000001,5.0999164569908135,0.24262580478753526,9.033067592379428,3.5013920692903038,0.16711151016851658,3.7441550328007196,298.00000000000006
6393.6,5.099881160128227,0.24057294360396736,9.057551703332988,3.500247457725727,0.16750460449940405,3.7435948231647456,298.00000000000006
6410.88,5.099853327935649,0.2385210307100541,9.082024504204146,3.4990811671607496,0.16789958974777763,3.743013656470069,298.00000000000006
6428.160000000001,5.09983286697669,0.23646919143671685,9.106496427015749,3.49787858965404,0.16832000140767278,3.7424155011613194,298.00000000000006
6445.4400000000005,5.099790871807239,0.23441678118603024,9.130975159772902,3.496646889361768,0.16878906948467196,3.7418028600253073,298.00000000000006
6462.72,5.099746310621183,0.23236395227306278,9.155458885840686,3.495388271934882,0.16933040233747046,3.7411573832568905,298.00000000000006
6480,5.099752382534722,0.2303110388428988,9.179943619930125,3.494109678358713,0.17004531433356251,3.740501839248388,298.00000000000006
6497.280000000001,5.099805090370843,0.22825863174398214,9.204422315096645,3.4928423739272785,0.17089287770162614,3.739868952245172,298.00000000000006
6514.56,5.099882116161962,0.22620593827003643,9.22890442580736,3.491597337709907,0.1717627859663759,3.739284648305565,298.00000000000006
6531.84,5.099921049996369,0.2241534482389239,9.253384110091424,3.4903948235747158,0.1725708230491532,3.738742369319346,298.00000000000006
6549.120000000001,5.0999224761418285,0.22210130016941304,9.27785971586018,3.489226057266535,0.17324498697964888,3.738214788326638,298.00000000000006
6566.400000000001,5.099885887983077,0.22004881711063431,9.302339316986526,3.4880711601893557,0.17373454452520357,3.737675397983282,298.00000000000006
6583.68,5.099765938148674,0.21799629931882483,9.326819332367494,3.486913907856766,0.17412226315872156,3.7370889007285597,298.00000000000006
6600.96,5.09973885254979,0.21594367214670424,9.351300652308087,3.4857399206274198,0.17445869409628145,3.7364432510194012,298.00000000000006
6618.240000000001,5.099832718059146,0.2138911222981549,9.375781050024113,3.484561444292219,0.17478875061374727,3.7358211416202,298.00000000000006
6635.52,5.1000566119162825,0.21183861351556232,9.40026095795379,3.4833785968875817,0.17516225948602543,3.7353025300617486,298.00000000000006
6652.8,5.100288361846872,0.20978609190933578,9.42474101882868,3.4821775587712303,0.17563006224842972,3.734947259961269,298.00000000000006
6670.080000000001,5.100385754131178,0.20773364310688003,9.44922021138589,3.480936008572167,0.17620314552351274,3.7346911110098775,298.00000000000006
6687.360000000001,5.100316303682038,0.20568106018611798,9.473701003548358,3.479627112848104,0.17685207573381068,3.734427445486087,298.00000000000006
6704.64,5.099952447605387,0.2036286693477995,9.498179504777598,3.4782374574318253,0.17754974991255293,3.7340321178054663,298.00000000000006
6721.92,5.09941925634004,0.20157625796370404,9.522658251052718,3.4767410254842996,0.17827210311666328,3.7332552233617022,298.00000000000006
6739.200000000001,5.099342659168556,0.19952374024931338,9.547138265510338,3.475206440480562,0.17899778483484138,3.7322483268286417,298.00000000000006
6756.4800000000005,5.099576242511124,0.19747109955267161,9.571619746755456,3.4736981886038336,0.1797514282687985,3.7312958954882207,298.00000000000006
6773.76,5.099934131724187,0.19541854619165205,9.596100186364152,3.472250598746133,0.18055299491630714,3.7306009069093884,298.00000000000006
6791.040000000001,5.100060949027547,0.19336613402146835,9.620578942014749,3.4708348283333446,0.181368883974362,3.7300821356309672,298.00000000000006
6808.320000000001,5.100096429252447,0.19131370465169598,9.645057902801785,3.4694277555260444,0.18216996231956056,3.7296200909499313,298.00000000000006
6825.6,5.100022934248236,0.18926129912488687,9.66953657921804,3.4680207165001935,0.18293008836231492,3.7291375627603327,298.00000000000006
6842.88,5.099927155008561,0.18720872952368622,9.694017212520471,3.466602490188628,0.18362807488287186,3.7285687693368383,298.00000000000006
6860.160000000001,5.0998854410456875,0.18515617042242627,9.718497720591968,3.46518017787552,0.18428103926850628,3.7279432752635646,298.00000000000006
6877.4400000000005,5.0998738563324535,0.1831036104093056,9.742978239539058,3.463749046527602,0.18490874201739538,3.7272916039680752,298.00000000000006
6894.72,5.099892611707806,0.1810510409247818,9.767458871449888,3.4623029215815806,0.18552707816894234,3.726637043249126,298.00000000000006
6912,5.099927795021426,0.17899846523604043,9.791939577357336,3.4608370605407135,0.18615200594106956,3.726001206038742,298.00000000000006
6929.280000000001,5.099914547246059,0.1769462246268274,9.816416286830705,3.459346045741493,0.18679928186188852,3.7253696608745384,298.00000000000006
6946.56,5.099853072780404,0.17489379383438639,9.840895264585725,3.4578144478836466,0.18745861766208163,3.724702301321086,298.00000000000006
6963.84,5.099728648609939,0.1728412777620944,9.865375259458315,3.4562465291124673,0.1881160800199559,3.723961615928574,298.00000000000006
6981.120000000001,5.099605770626939,0.17078865073330524,9.889856577689363,3.4546361159732184,0.18878629628209181,3.7231037667596674,298.00000000000006
6998.400000000001,5.099576982611781,0.16873611558416873,9.91433680008813,3.453003612318125,0.18948344720991048,3.7221831228992244,298.00000000000006
7015.68,5.099623945746483,0.16668362470072307,9.938816494537857,3.4513607212975073,0.19022113311810454,3.7212740618223767,298.00000000000006
7032.96,5.099632794885099,0.16463117398833244,9.96329570987453,3.449712640740895,0.19101474629735476,3.7204255875984695,298.00000000000006
7050.240000000001,5.099597439901911,0.16257865463847476,9.987775743838117,3.448047840525325,0.1918699798947378,3.7195500123469203,298.00000000000006
7067.52,5.099678929893619,0.16052618217305173,10.01225521861936,3.446394767633622,0.1927644082616433,3.718705569203033,298.00000000000006
7084.8,5.099874358487054,0.15847358886048885,10.036736134722965,3.444772532753572,0.19367646338882635,3.71799032615347,298.00000000000006
7102.080000000001,5.100148110264892,0.1564211433758344,10.061215287709398,3.443190540578321,0.19458699501134336,3.7174976452586006,298.00000000000006
7119.360000000001,5.100296700727789,0.1543686069946255,10.08569552480283,3.4416074674635544,0.1954795412243444,3.7171823314004824,298.00000000000006
7136.64,5.100332631770064,0.15231609876560015,10.110175426130235,3.4399838698819076,0.19636779605287275,3.7169276649671734,298.00000000000006
7153.92,5.100219010508929,0.15026360519234944,10.134655152660791,3.4382825453557593,0.19726141405795453,3.7166138915618894,298.00000000000006
7171.200000000001,5.0998975427208135,0.1482111213738475,10.159134762848172,3.436476964348234,0.1981595248289011,3.7160879500995043,298.00000000000006
7188.4800000000005,5.099706862121201,0.14615862258635998,10.18361455156804,3.4345826033431144,0.19906124067704736,3.7152810347672283,298.00000000000006
7205.76,5.099694216139522,0.1441060849476128,10.208094803659886,3.4326511276231972,0.1999660678780857,3.7143646581163687,298.00000000000006
7223.040000000001,5.099825637507714,0.14205357949509406,10.232574671872374,3.4307226267616344,0.20086322092810316,3.7134948965417607,298.00000000000006
7240.320000000001,5.099864711919015,0.14000109212698592,10.257054324395305,3.428790834462564,0.2017437581039628,3.7127227758403367,298.00000000000006
7257.6,5.099870863015934,0.13794859598004122,10.281534081621832,3.426828831268143,0.20263397210237438,3.711966711776981,298.00000000000006
7274.88,5.0998495308550345,0.1358961352255948,10.306013416728325,3.4248270414371156,0.2035606474056597,3.7111992088576873,298.00000000000006
7292.160000000001,5.099805234247044,0.133843584345596,10.330493826746306,3.422774258436936,0.2045500207772925,3.7103950036636273,298.00000000000006
7309.4400000000005,5.099773222597309,0.131791079544067,10.354973687194544,3.4206783730427794,0.20562315955755203,3.7095484767600784,298.00000000000006
7326.72,5.0997577739199,0.12973856447227733,10.379453670134334,3.4185477144878074,0.20677211982026064,3.7086783519570385,298.00000000000006
7344.000000000001,5.099757032235575,0.12768609163408245,10.403933149361574,3.4163952986813313,0.2079829027078765,3.707802566061912,298.00000000000006
7361.280000000001,5.099740119536656,0.12563359036496552,10.428412967679343,3.4142247472497913,0.20924406535238782,3.7069318129117024,298.00000000000006
7378.56,5.0997177510236815,0.1235810643027251,10.452893081700324,3.4120370982206443,0.21054556708340372,3.706037593603861,298.00000000000006
7395.84,5.099734283985506,0.12152858520345525,10.477372635602269,3.4098421772548857,0.2118818299897839,3.705149272889503,298.00000000000006
7413.120000000001,5.099786088365657,0.11947607637416204,10.501852544088955,3.4076400425599576,0.21330510192929478,3.7043073243708244,298.00000000000006
7430.400000000001,5.099840838921823,0.11742357169404466,10.526332403089096,3.405445710968979,0.2147933596889554,3.7035424874840985,298.00000000000006
7447.68,5.099868871633114,0.11537108817678715,10.550812009683623,3.403259459957518,0.2162951360512832,3.7028245363873196,298.00000000000006
7464.960000000001,5.099902847004275,0.113318554704741,10.575292212080017,3.4010804168819035,0.2177681807130617,3.702143873152168,298.00000000000006
7482.240000000001,5.099943214005068,0.11126605075217098,10.599772062402852,3.398909766241729,0.2191760899773533,3.701503288113261,298.00000000000006
7499.52,5.100007232870267,0.10921360058026587,10.624251271293307,3.39673770111879,0.22049156506282788,3.7009092531501606,298.00000000000006
7516.8,5.100062589258472,0.10716107661751026,10.64873136027406,3.394540251245864,0.22173842788957668,3.700378002180016,298.00000000000006
7534.080000000001,5.100074167716219,0.10510858328125076,10.673211083978051,3.3922858150072255,0.22295998304536585,3.6998674291975067,298.00000000000006
7551.360000000001,5.100036515385631,0.1030560526105452,10.697691252963383,3.389938900120839,0.2241986813288209,3.6993204590416857,298.00000000000006
7568.64,5.0999915318618205,0.10100354109222097,10.722171193521657,3.38748243002521,0.2254963854693202,3.698689745472779,298.00000000000006
7585.92,5.099970232509235,0.09895105008610453,10.746650889434408,3.3849164471991364,0.22689192810771602,3.697994339595759,298.00000000000006
7603.200000000001,5.099962752899963,0.0968985523589739,10.771130665507592,3.382252667732482,0.22839461369588926,3.6972513829263844,298.00000000000006
7620.4800000000005,5.099973740702485,0.09484604160900954,10.795610596901764,3.3795081139399588,0.22996792088902726,3.6964750055071263,298.00000000000006
7637.76,5.100005812637165,0.09279354871679363,10.820090315309702,3.376696638224132,0.23157614954239839,3.695695586244492,298.00000000000006
7655.040000000001,5.099977660543732,0.09074103918304742,10.844570232198256,3.3738063181747004,0.23318871524359944,3.694877552810858,298.00000000000006
7672.320000000001,5.099890307445057,0.08868854171097929,10.869050005229273,3.370815442973537,0.23477927757507464,3.693936731547952,298.00000000000006
7689.6,5.0997126368859105,0.08663603543174829,10.893529883301838,3.3676929287144244,0.23633308669340455,3.6927715793444933,298.00000000000006
7706.88,5.099605944170513,0.08458354342506613,10.918009591148214,3.364431763019945,0.2378758534331249,3.691325581226491,298.00000000000006
7724.160000000001,5.0995971740569095,0.08253102028411528,10.942489670327465,3.361061783955121,0.2394193711746394,3.689735303714094,298.00000000000006
7741.4400000000005,5.099649388395813,0.08047852622658412,10.966969402633937,3.357595958984006,0.24097213511339616,3.6881259720316186,298.00000000000006
7758.72,5.099648920580406,0.07842603072921552,10.991449152113127,3.3540030365681472,0.24254222146356808,3.686494245855132,298.00000000000006
7776.000000000001,5.0996381338244845,0.07637353126213638,11.015928948938297,3.350248429819732,0.24413706193768564,3.6847741975486055,298.00000000000006
7793.280000000001,5.099618930165626,0.07432103757747943,11.04040867679757,3.3463074329703852,0.24573818849462795,3.682933104063703,298.00000000000006
7810.56,5.099646813484274,0.07226853781213681,11.064888477180117,3.3421501796390243,0.2473393284002524,3.680975942002968,298.00000000000006
7827.84,5.099620995875244,0.07021603647167247,11.089368296348844,3.337712205212755,0.24897523676277727,3.67889843351575,298.00000000000006
7845.120000000001,5.0995325471689315,0.06816353182164826,11.113848154990091,3.332884173054635,0.25067946304937744,3.6765206067873386,298.00000000000006
7862.400000000001,5.099392077859052,0.06611102674313253,11.138328018741928,3.3275624561374273,0.2524845901912486,3.6736539935864454,298.00000000000006
7879.68,5.099305123184749,0.0640585239643987,11.162807855064631,3.3216946645573664,0.25441270020218587,3.6701770710064205,298.00000000000006
7896.960000000001,5.099291600299926,0.06200602140282932,11.187287688797298,3.31529759550153,0.2564305164537727,3.6662098167818122,298.00000000000006
7914.240000000001,5.09931612056846,0.059953518498512534,11.211767526617786,3.308341013471791,0.25856407712674906,3.661854363535166,298.00000000000006
7931.52,5.099310780573295,0.05790101628940561,11.236247356146666,3.300696724211403,0.26085245662980333,3.6570382442337217,298.00000000000006
7948.8,5.099300599675808,0.05584851386825518,11.260727188204532,3.2921840098560917,0.2633324489096886,3.6515547097889853,298.00000000000006
7966.080000000001,5.099298853629493,0.053796011520997694,11.285207019381115,3.282620292303271,0.26604002962071743,3.645223795001791,298.00000000000006
7983.360000000001,5.0992773046645,0.05174350927314013,11.309686849372175,3.2717841364330713,0.26909079430744925,3.6377699594119566,298.00000000000006
8000.64,5.099309744564347,0.049691007325804865,11.33416667577892,3.2596682780874295,0.2724190641183824,3.629015282122518,298.00000000000006
8017.92,5.09937090831442,0.04763850493208718,11.358646507509661,3.2464176377035114,0.27588131240030234,3.619144822030943,298.00000000000006
8035.200000000001,5.099433029285977,0.045586002417965996,11.383126340676352,3.232017352549822,0.2793683683711838,3.608206102889863,298.00000000000006
8052.4800000000005,5.0994708424116135,0.04353349985413223,11.407606174436001,3.216148151768683,0.28279648065707313,3.595836259272697,298.00000000000006
8069.76,5.099513624795831,0.041480997270273046,11.432086008434462,3.1984534968315614,0.2861324699063108,3.5816252611029142,298.00000000000006
8087.040000000001,5.099559012550796,0.03942849553870666,11.456565832267824,3.1785332227353087,0.28946708106505903,3.565245981884761,298.00000000000006
8104.320000000001,5.099570843524341,0.037375992898288926,11.481045666940847,3.1548365131960616,0.2928442493110222,3.545358906251517,298.00000000000006
8121.6,5.099627183792435,0.03532348998190209,11.505525504905348,3.12632484508849,0.29629865475454376,3.5204469790042654,298.00000000000006
8138.88,5.09969439071248,0.03327098711386656,11.530005342293151,3.094949183464763,0.2998635056949703,3.4927951082167707,298.00000000000006
8156.160000000001,5.099749873107837,0.031218484524915352,11.55448517635234,3.0628164179179875,0.30356805939289383,3.4645764122495546,298.00000000000006
8173.4400000000005,5.099778842664089,0.02916598171548418,11.578965013041191,3.0301622725466437,0.30745443589183147,3.436176824381236,298.00000000000006
8190.72,5.099804129955628,0.027113478913377675,11.603444849642694,2.9958992890955276,0.31149233449008573,3.4062614907325663,298.00000000000006
8208,5.099829583928183,0.02506097612766557,11.627924686048589,2.9606783367560294,0.31559771610272136,3.375434230179016,298.00000000000006
8225.28,5.099852465681431,0.02300847336951005,11.652404522125874,2.925165014841335,0.3196998762550046,3.3443237698084194,298.00000000000006
8242.560000000001,5.099864556455646,0.020955970588266398,11.676884358478546,2.889012709385583,0.32373362811838047,3.3126137239340854,298.00000000000006
8259.84,5.099878894533363,0.01890346781206459,11.701364194771068,2.8520869903405583,0.32767341269149475,3.280066146320293,298.00000000000006
8277.12,5.099893865339076,0.01685096503649032,11.725844031056095,2.815337692203986,0.33155835812947226,3.247681420104353,298.00000000000006
8294.400000000001,5.0999087969490144,0.014798462260751447,11.750323867343095,2.7797230465091523,0.33542103615034224,3.2164406217349155,298.00000000000006
8311.68,5.099917817255702,0.012745959485413044,11.774803703625281,2.745241405722695,0.33927021999245555,3.186401336609713,298.00000000000006
8328.960000000001,5.099925788303424,0.010693456709751442,11.799283539911318,2.711443250750657,0.34311129819000635,3.157070032004193,298.00000000000006
8346.24,5.099932888967435,0.008640953933727838,11.823763376201736,2.678361795738853,0.34694638965313657,3.1284758840243785,298.00000000000006
8363.52,5.099939157968407,0.006588451157714684,11.84824321249205,2.6460178012369324,0.3507684647116665,3.1006358794259885,298.00000000000006
8380.800000000001,5.099941697353004,0.0045359483814487594,11.872723048785286,2.613952696471039,0.3545281540198471,3.073116156116101,298.00000000000006
8398.08,5.099944709911085,0.002483445604925666,11.897202885081642,2.5818150336843018,0.3582743180742814,3.04559141121883,298.00000000000006
8415.36,5.099947557187058,4.309428281652483E-4,11.921682721380826,2.5495424922653154,0.36207552995456416,3.0180663960812755,298.00000000000006
8432.640000000001,5.099950126582156,-0.0016215599488087484,11.946162557682541,2.5171313287441084,0.3659796436544,2.990542214403684,298.00000000000006
8449.92,5.099952412975855,-0.0036740627259689296,11.97064239398652,2.4846306847090687,0.37000627130842884,2.9630191985193557,298.00000000000006
